torchvision_version,load-exported-model,p99,environ,miou,second,experiment_name,max,argmax,fast,gpu-preproc,allow-recompiles,mean,total_img_s,fail_count,furious,total_time,baseline,first,third,fifth,task,median,p999,meta-folder,export-model,percentage,batch_size,p90,points-per-batch,total_ms_per_img,p95,run_script_time,torch_version,fourth,num-images,bytes_MiB,batch-size,bytes
0.22.0.dev20250201+cu124,,2080ms,None,,991ms,baseline_amg,2489ms,222,,,,918ms,1.0819226362225578img/s,,,924.2805044651031s,None,1786ms,1050ms,865ms,amg,864ms,2313ms,,,4,1,1144ms,64,924.2805044651031ms,1310ms,928.9303262233734,2.7.0.dev20250201+cu124,993ms,,4350,,4561654784
0.22.0.dev20250201+cu124,,852ms,None,1.0,790ms,amg_ao,1290ms,0,,,,709ms,1.3988966237833114img/s,0.0,,714.8491053581238s,,1290ms,783ms,766ms,amg,693ms,919ms,,,4,1,786ms,64,714.8491053581238ms,807ms,719.3047206401825,2.7.0.dev20250201+cu124,772ms,,4010,,4205527040
0.22.0.dev20250201+cu124,,789ms,None,0.9999994533658028,716ms,amg_ao_ppb_1024_basic,2050ms,109,,,,628ms,1.5792527251617097img/s,0.0,,633.2108750343323s,,1125ms,710ms,563ms,amg,613ms,1126ms,,,34,1,706ms,1024,633.2108750343323ms,737ms,637.3582756519318,2.7.0.dev20250201+cu124,581ms,,33786,1,35427762688
0.22.0.dev20250201+cu124,,601ms,{'TORCHINDUCTOR_CACHE_DIR': '/home/cpuhrsch/blogs/tmp/sam2_amg_example_run_21/amg_inductor_cache_dir'},,3132ms,amg_ao_ppb_1024_fast_cold,404866ms,0,None,,,845ms,1.1731452112213954img/s,,,852.4093952178955s,,404866ms,511ms,395ms,amg,423ms,3534ms,,,30,1,513ms,1024,852.4093952178955ms,545ms,862.1773693561554,2.7.0.dev20250201+cu124,411ms,,29349,1,30775568896
0.22.0.dev20250201+cu124,,631ms,{'TORCHINDUCTOR_CACHE_DIR': '/home/cpuhrsch/blogs/tmp/sam2_amg_example_run_21/amg_inductor_cache_dir'},0.9937397953251312,969ms,amg_ao_ppb_1024_fast,8544ms,0,None,,,460ms,2.1431006621923343img/s,188.0,,466.6136395931244s,,8544ms,466ms,384ms,amg,439ms,1389ms,,,30,1,530ms,1024,466.6136395931244ms,562ms,471.85974502563477,2.7.0.dev20250201+cu124,385ms,,29349,1,30775568896
0.22.0.dev20250201+cu124,,,{'TORCHINDUCTOR_CACHE_DIR': '/home/cpuhrsch/blogs/tmp/sam2_amg_example_run_21/amg_inductor_cache_dir'},,,amg_ao_ppb_1024_save_export,,,,,,,0.0img/s,,,336.7823131084442s,,,,,amg,,,,/home/cpuhrsch/blogs/tmp/sam2_amg_example_run_21/exported_models/amg_ao_fast,17,1,,1024,,,346.5574824810028,2.7.0.dev20250201+cu124,,0,17377,1,18221665280
0.22.0.dev20250201+cu124,/home/cpuhrsch/blogs/tmp/sam2_amg_example_run_21/exported_models/amg_ao_fast,651ms,{'TORCHINDUCTOR_CACHE_DIR': '/home/cpuhrsch/blogs/tmp/sam2_amg_example_run_21/amg_load_export_inductor_cache_dir'},0.9937755975720319,431ms,amg_ao_ppb_1024_load_export_cold,1609ms,10,,,,464ms,2.124166095058908img/s,191.0,,470.7729787826538s,,774ms,428ms,509ms,amg,445ms,1593ms,,,48,1,542ms,1024,470.7729787826538ms,573ms,475.0158474445343,2.7.0.dev20250201+cu124,400ms,,47527,1,49836364288
0.22.0.dev20250201+cu124,/home/cpuhrsch/blogs/tmp/sam2_amg_example_run_21/exported_models/amg_ao_fast,614ms,{'TORCHINDUCTOR_CACHE_DIR': '/home/cpuhrsch/blogs/tmp/sam2_amg_example_run_21/amg_load_export_inductor_cache_dir'},0.9937755975720319,547ms,amg_ao_ppb_1024_load_export,2007ms,468,,,,449ms,2.1836456461214064img/s,191.0,,457.94976019859314s,,914ms,544ms,505ms,amg,431ms,1251ms,,,48,1,521ms,1024,457.94976019859314ms,552ms,462.4107701778412,2.7.0.dev20250201+cu124,506ms,,47527,1,49836364288
0.22.0.dev20250201+cu124,/home/cpuhrsch/blogs/tmp/sam2_amg_example_run_21/exported_models/amg_ao_fast,605ms,{'TORCHINDUCTOR_CACHE_DIR': '/home/cpuhrsch/blogs/tmp/sam2_amg_example_run_21/amg_load_export_inductor_cache_dir'},0.993802113145407,432ms,amg_ao_ppb_1024_load_export_gpu_preproc,1660ms,468,,None,,458ms,2.1564448274199335img/s,185.0,,463.72621607780457s,,784ms,428ms,468ms,amg,450ms,1598ms,,,48,1,532ms,1024,463.72621607780457ms,559ms,467.6617069244385,2.7.0.dev20250201+cu124,443ms,,47551,1,49861530112
0.22.0.dev20250201+cu124,/home/cpuhrsch/blogs/tmp/sam2_amg_example_run_21/exported_models/amg_ao_fast,614ms,{'TORCHINDUCTOR_CACHE_DIR': '/home/cpuhrsch/blogs/tmp/sam2_amg_example_run_21/amg_fast_export_inductor_cache_dir'},0.9937755975720319,436ms,amg_ao_ppb_1024_fast_export_cold,1701ms,468,None,,,449ms,2.1939577313018166img/s,191.0,,455.79729533195496s,,906ms,431ms,397ms,amg,431ms,1598ms,,,48,1,517ms,1024,455.79729533195496ms,556ms,460.1355531215668,2.7.0.dev20250201+cu124,512ms,,47527,1,49836364288
0.22.0.dev20250201+cu124,/home/cpuhrsch/blogs/tmp/sam2_amg_example_run_21/exported_models/amg_ao_fast,643ms,{'TORCHINDUCTOR_CACHE_DIR': '/home/cpuhrsch/blogs/tmp/sam2_amg_example_run_21/amg_fast_export_inductor_cache_dir'},0.9937755975720319,432ms,amg_ao_ppb_1024_fast_export,1610ms,10,None,,,468ms,2.107951108360395img/s,191.0,,474.3943045139313s,,777ms,429ms,513ms,amg,453ms,1599ms,,,48,1,552ms,1024,474.3943045139313ms,582ms,478.476078748703,2.7.0.dev20250201+cu124,440ms,,47527,1,49836364288
0.22.0.dev20250201+cu124,/home/cpuhrsch/blogs/tmp/sam2_amg_example_run_21/exported_models/amg_ao_fast,621ms,{'TORCHINDUCTOR_CACHE_DIR': '/home/cpuhrsch/blogs/tmp/sam2_amg_example_run_21/amg_fast_export_inductor_cache_dir'},0.993802113145407,433ms,amg_ao_ppb_1024_fast_export_gpu_preproc,1596ms,468,None,None,,452ms,2.1814478117441096img/s,185.0,,458.4111499786377s,,779ms,430ms,426ms,amg,439ms,1595ms,,,48,1,529ms,1024,458.4111499786377ms,550ms,462.8308107852936,2.7.0.dev20250201+cu124,454ms,,47551,1,49861530112
0.22.0.dev20250201+cu124,,322ms,{'TORCHINDUCTOR_CACHE_DIR': '/home/cpuhrsch/blogs/tmp/sam2_amg_example_run_21/amg_furious_inductor_cache_dir'},0.977748688557306,2058ms,amg_ao_ppb_1024_fast_furious_cold,780191ms,0,None,,,965ms,1.028371982635375img/s,306.0,None,972.4107782840729s,,780191ms,188ms,142ms,amg,172ms,2836ms,,,29,1,247ms,1024,972.4107782840729ms,277ms,981.1423377990723,2.7.0.dev20250201+cu124,171ms,,28335,1,29712147456
0.22.0.dev20250201+cu124,,326ms,{'TORCHINDUCTOR_CACHE_DIR': '/home/cpuhrsch/blogs/tmp/sam2_amg_example_run_21/amg_furious_inductor_cache_dir'},0.977748688557306,1087ms,amg_ao_ppb_1024_fast_furious,10341ms,0,None,,,187ms,5.089925733900441img/s,306.0,None,196.4665207862854s,,10341ms,164ms,133ms,amg,165ms,1096ms,,,29,1,240ms,1024,196.4665207862854ms,264ms,202.26249361038208,2.7.0.dev20250201+cu124,133ms,,28335,1,29712147456
0.22.0.dev20250201+cu124,,,{'TORCHINDUCTOR_CACHE_DIR': '/home/cpuhrsch/blogs/tmp/sam2_amg_example_run_21/amg_furious_inductor_cache_dir'},,,amg_ao_ppb_1024_save_export_furious,,,,,,,0.0img/s,,None,498.73366498947144s,,,,,amg,,,,/home/cpuhrsch/blogs/tmp/sam2_amg_example_run_21/exported_models/amg_ao_fast_furious,8,1,,1024,,,512.0970723628998,2.7.0.dev20250201+cu124,,0,8754,1,9179703808
0.22.0.dev20250201+cu124,/home/cpuhrsch/blogs/tmp/sam2_amg_example_run_21/exported_models/amg_ao_fast_furious,306ms,{'TORCHINDUCTOR_CACHE_DIR': '/home/cpuhrsch/blogs/tmp/sam2_amg_example_run_21/amg_load_export_furious_inductor_cache_dir'},0.9737371438629709,201ms,amg_ao_ppb_1024_load_export_furious_cold,1505ms,468,,,,173ms,5.561937676510263img/s,308.0,None,179.79345655441284s,,906ms,167ms,144ms,amg,162ms,906ms,,,28,1,233ms,1024,179.79345655441284ms,264ms,184.16123342514038,2.7.0.dev20250201+cu124,166ms,,27927,1,29284452864
0.22.0.dev20250201+cu124,/home/cpuhrsch/blogs/tmp/sam2_amg_example_run_21/exported_models/amg_ao_fast_furious,305ms,{'TORCHINDUCTOR_CACHE_DIR': '/home/cpuhrsch/blogs/tmp/sam2_amg_example_run_21/amg_load_export_furious_inductor_cache_dir'},0.9737371438629709,163ms,amg_ao_ppb_1024_load_export_furious,1499ms,468,,,,168ms,5.761707911735736img/s,308.0,None,173.55964851379395s,,799ms,158ms,128ms,amg,157ms,799ms,,,28,1,230ms,1024,173.55964851379395ms,255ms,177.849613904953,2.7.0.dev20250201+cu124,129ms,,27927,1,29284452864
0.22.0.dev20250201+cu124,/home/cpuhrsch/blogs/tmp/sam2_amg_example_run_21/exported_models/amg_ao_fast_furious,283ms,{'TORCHINDUCTOR_CACHE_DIR': '/home/cpuhrsch/blogs/tmp/sam2_amg_example_run_21/amg_load_export_furious_inductor_cache_dir'},0.9773021879969557,162ms,amg_ao_ppb_1024_load_export_furious_gpu_preproc,1465ms,468,,None,,152ms,6.353136573161692img/s,311.0,None,157.4025661945343s,,908ms,161ms,131ms,amg,136ms,908ms,,,28,1,208ms,1024,157.4025661945343ms,232ms,161.51681876182556,2.7.0.dev20250201+cu124,128ms,,27950,1,29308637696
0.22.0.dev20250201+cu124,/home/cpuhrsch/blogs/tmp/sam2_amg_example_run_21/exported_models/amg_ao_fast_furious,322ms,{'TORCHINDUCTOR_CACHE_DIR': '/home/cpuhrsch/blogs/tmp/sam2_amg_example_run_21/amg_fast_export_furious_inductor_cache_dir'},0.9737371438629709,197ms,amg_ao_ppb_1024_fast_export_furious_cold,1468ms,468,None,,,177ms,5.4535923991866575img/s,308.0,None,183.36537218093872s,,847ms,178ms,149ms,amg,166ms,848ms,,,28,1,239ms,1024,183.36537218093872ms,265ms,187.86286783218384,2.7.0.dev20250201+cu124,146ms,,27927,1,29284452864
0.22.0.dev20250201+cu124,/home/cpuhrsch/blogs/tmp/sam2_amg_example_run_21/exported_models/amg_ao_fast_furious,314ms,{'TORCHINDUCTOR_CACHE_DIR': '/home/cpuhrsch/blogs/tmp/sam2_amg_example_run_21/amg_fast_export_furious_inductor_cache_dir'},0.9737371438629709,171ms,amg_ao_ppb_1024_fast_export_furious,1507ms,468,None,,,175ms,5.529882243245596img/s,308.0,None,180.83567714691162s,,837ms,203ms,169ms,amg,165ms,838ms,,,28,1,235ms,1024,180.83567714691162ms,262ms,185.2059760093689,2.7.0.dev20250201+cu124,168ms,,27927,1,29284452864
0.22.0.dev20250201+cu124,/home/cpuhrsch/blogs/tmp/sam2_amg_example_run_21/exported_models/amg_ao_fast_furious,233ms,{'TORCHINDUCTOR_CACHE_DIR': '/home/cpuhrsch/blogs/tmp/sam2_amg_example_run_21/amg_fast_export_furious_inductor_cache_dir'},0.9738506008329433,137ms,amg_ao_ppb_1024_fast_export_furious_recompiles,50620ms,0,None,,None,244ms,4.001638144664907img/s,312.0,None,249.89765787124634s,,50620ms,131ms,136ms,amg,141ms,37015ms,,,16,1,184ms,1024,249.89765787124634ms,201ms,256.0627791881561,2.7.0.dev20250201+cu124,122ms,,15760,1,16525926912
0.22.0.dev20250201+cu124,/home/cpuhrsch/blogs/tmp/sam2_amg_example_run_21/exported_models/amg_ao_fast_furious,287ms,{'TORCHINDUCTOR_CACHE_DIR': '/home/cpuhrsch/blogs/tmp/sam2_amg_example_run_21/amg_fast_export_furious_inductor_cache_dir'},0.9773021879969557,161ms,amg_ao_ppb_1024_fast_export_furious_gpu_preproc,1464ms,468,None,None,,152ms,6.317038724475264img/s,311.0,None,158.3020215034485s,,789ms,158ms,138ms,amg,137ms,789ms,,,28,1,209ms,1024,158.3020215034485ms,233ms,163.1717290878296,2.7.0.dev20250201+cu124,128ms,,27950,1,29308637696
0.22.0.dev20250201+cu124,/home/cpuhrsch/blogs/tmp/sam2_amg_example_run_21/exported_models/amg_ao_fast_furious,203ms,{'TORCHINDUCTOR_CACHE_DIR': '/home/cpuhrsch/blogs/tmp/sam2_amg_example_run_21/amg_fast_export_furious_inductor_cache_dir'},0.9772370635291895,137ms,amg_ao_ppb_1024_fast_export_furious_gpu_preproc_recompiles,2598ms,0,None,None,None,133ms,7.189177970329722img/s,313.0,None,139.09796142578125s,,2598ms,134ms,120ms,amg,123ms,408ms,,,16,1,161ms,1024,139.09796142578125ms,175ms,144.49736833572388,2.7.0.dev20250201+cu124,116ms,,15784,1,16551617024
0.22.0.dev20250201+cu124,,282ms,None,,130ms,baseline_sps,593ms,0,,,,132ms,7.2705623547104485img/s,,,137.5409426689148s,None,593ms,106ms,139ms,sps,116ms,314ms,/home/cpuhrsch/blogs/tmp/sam2_amg_example_run_21/amg_baseline_annotations,,1,1,181ms,1,137.5409426689148ms,226ms,141.5770561695099,2.7.0.dev20250201+cu124,102ms,,1337,,1402492416
0.22.0.dev20250201+cu124,,220ms,None,1.0,112ms,sps_ao,647ms,0,,,,121ms,7.953360671304035img/s,0.0,,125.73301291465759s,,647ms,104ms,206ms,sps,110ms,228ms,/home/cpuhrsch/blogs/tmp/sam2_amg_example_run_21/amg_baseline_annotations,,1,1,158ms,1,125.7330129146576ms,209ms,129.6152720451355,2.7.0.dev20250201+cu124,201ms,,1339,,1404989952
0.22.0.dev20250201+cu124,,222ms,None,1.0,106ms,sps_ao_ppb_1_basic,562ms,0,,,,123ms,7.782472062347266img/s,0.0,,128.4938759803772s,,562ms,102ms,118ms,sps,110ms,235ms,/home/cpuhrsch/blogs/tmp/sam2_amg_example_run_21/amg_baseline_annotations,,1,1,170ms,1,128.4938759803772ms,211ms,132.38522243499756,2.7.0.dev20250201+cu124,124ms,,1339,1,1404989952
0.22.0.dev20250201+cu124,,215ms,{'TORCHINDUCTOR_CACHE_DIR': '/home/cpuhrsch/blogs/tmp/sam2_amg_example_run_21/sps_inductor_cache_dir'},,1752ms,sps_ao_ppb_1_fast_cold,319954ms,0,None,,,436ms,2.25470066554133img/s,,,443.51785373687744s,,319954ms,128ms,93ms,sps,102ms,2070ms,/home/cpuhrsch/blogs/tmp/sam2_amg_example_run_21/amg_baseline_annotations,,1,1,158ms,1,443.51785373687744ms,204ms,454.28877544403076,2.7.0.dev20250201+cu124,91ms,,1343,1,1408784896
0.22.0.dev20250201+cu124,,215ms,{'TORCHINDUCTOR_CACHE_DIR': '/home/cpuhrsch/blogs/tmp/sam2_amg_example_run_21/sps_inductor_cache_dir'},0.9998689295053482,1006ms,sps_ao_ppb_1_fast,8947ms,0,None,,,124ms,7.688401953604155img/s,0.0,,130.06604051589966s,,8947ms,97ms,96ms,sps,100ms,1014ms,/home/cpuhrsch/blogs/tmp/sam2_amg_example_run_21/amg_baseline_annotations,,1,1,160ms,1,130.06604051589966ms,204ms,136.32297778129578,2.7.0.dev20250201+cu124,93ms,,1302,1,1366200320
0.22.0.dev20250201+cu124,,,{'TORCHINDUCTOR_CACHE_DIR': '/home/cpuhrsch/blogs/tmp/sam2_amg_example_run_21/sps_inductor_cache_dir'},,,sps_ao_ppb_1_save_export,,,,,,,0.0img/s,,,285.2198317050934s,,,,,sps,,,/home/cpuhrsch/blogs/tmp/sam2_amg_example_run_21/amg_baseline_annotations,/home/cpuhrsch/blogs/tmp/sam2_amg_example_run_21/exported_models/sps_ao_fast,1,1,,1,,,296.2626416683197,2.7.0.dev20250201+cu124,,0,1326,1,1390578176
0.22.0.dev20250201+cu124,/home/cpuhrsch/blogs/tmp/sam2_amg_example_run_21/exported_models/sps_ao_fast,218ms,{'TORCHINDUCTOR_CACHE_DIR': '/home/cpuhrsch/blogs/tmp/sam2_amg_example_run_21/sps_load_export_inductor_cache_dir'},0.9998687945604324,99ms,sps_ao_ppb_1_load_export_cold,433ms,0,,,,154ms,6.231343583764652img/s,0.0,,160.47903418540955s,,433ms,96ms,95ms,sps,140ms,232ms,/home/cpuhrsch/blogs/tmp/sam2_amg_example_run_21/amg_baseline_annotations,,6,1,212ms,1,160.47903418540955ms,215ms,164.9347858428955,2.7.0.dev20250201+cu124,92ms,,5949,1,6238665728
0.22.0.dev20250201+cu124,/home/cpuhrsch/blogs/tmp/sam2_amg_example_run_21/exported_models/sps_ao_fast,222ms,{'TORCHINDUCTOR_CACHE_DIR': '/home/cpuhrsch/blogs/tmp/sam2_amg_example_run_21/sps_load_export_inductor_cache_dir'},0.9998687945604324,102ms,sps_ao_ppb_1_load_export,571ms,0,,,,134ms,7.13271552723891img/s,0.0,,140.19905829429626s,,571ms,96ms,103ms,sps,109ms,276ms,/home/cpuhrsch/blogs/tmp/sam2_amg_example_run_21/amg_baseline_annotations,,6,1,210ms,1,140.19905829429626ms,215ms,144.91857886314392,2.7.0.dev20250201+cu124,97ms,,5949,1,6238665728
0.22.0.dev20250201+cu124,/home/cpuhrsch/blogs/tmp/sam2_amg_example_run_21/exported_models/sps_ao_fast,178ms,{'TORCHINDUCTOR_CACHE_DIR': '/home/cpuhrsch/blogs/tmp/sam2_amg_example_run_21/sps_load_export_inductor_cache_dir'},0.9998684992790222,103ms,sps_ao_ppb_1_load_export_gpu_preproc,546ms,0,,None,,114ms,8.309061811617058img/s,0.0,,120.35053086280823s,,546ms,108ms,98ms,sps,104ms,198ms,/home/cpuhrsch/blogs/tmp/sam2_amg_example_run_21/amg_baseline_annotations,,6,1,160ms,1,120.35053086280823ms,168ms,125.0929605960846,2.7.0.dev20250201+cu124,95ms,,5971,1,6261886976
0.22.0.dev20250201+cu124,/home/cpuhrsch/blogs/tmp/sam2_amg_example_run_21/exported_models/sps_ao_fast,218ms,{'TORCHINDUCTOR_CACHE_DIR': '/home/cpuhrsch/blogs/tmp/sam2_amg_example_run_21/sps_fast_export_inductor_cache_dir'},0.9998687945604324,115ms,sps_ao_ppb_1_fast_export_cold,469ms,0,None,,,117ms,8.127192953841458img/s,0.0,,123.04371333122253s,,469ms,96ms,96ms,sps,102ms,231ms,/home/cpuhrsch/blogs/tmp/sam2_amg_example_run_21/amg_baseline_annotations,,6,1,170ms,1,123.04371333122253ms,207ms,127.78972721099854,2.7.0.dev20250201+cu124,93ms,,5949,1,6238665728
0.22.0.dev20250201+cu124,/home/cpuhrsch/blogs/tmp/sam2_amg_example_run_21/exported_models/sps_ao_fast,214ms,{'TORCHINDUCTOR_CACHE_DIR': '/home/cpuhrsch/blogs/tmp/sam2_amg_example_run_21/sps_fast_export_inductor_cache_dir'},0.9998687945604324,99ms,sps_ao_ppb_1_fast_export,457ms,0,None,,,113ms,8.353357150253501img/s,0.0,,119.71234822273254s,,457ms,98ms,127ms,sps,102ms,226ms,/home/cpuhrsch/blogs/tmp/sam2_amg_example_run_21/amg_baseline_annotations,,6,1,150ms,1,119.71234822273254ms,194ms,124.14609551429749,2.7.0.dev20250201+cu124,101ms,,5949,1,6238665728
0.22.0.dev20250201+cu124,/home/cpuhrsch/blogs/tmp/sam2_amg_example_run_21/exported_models/sps_ao_fast,174ms,{'TORCHINDUCTOR_CACHE_DIR': '/home/cpuhrsch/blogs/tmp/sam2_amg_example_run_21/sps_fast_export_inductor_cache_dir'},0.9998684992790222,158ms,sps_ao_ppb_1_fast_export_gpu_preproc,494ms,0,None,None,,111ms,8.544958106296153img/s,0.0,,117.02807521820068s,,494ms,161ms,161ms,sps,102ms,188ms,/home/cpuhrsch/blogs/tmp/sam2_amg_example_run_21/amg_baseline_annotations,,6,1,155ms,1,117.02807521820068ms,165ms,121.18485426902771,2.7.0.dev20250201+cu124,155ms,,5971,1,6261886976
0.22.0.dev20250201+cu124,,72ms,{'TORCHINDUCTOR_CACHE_DIR': '/home/cpuhrsch/blogs/tmp/sam2_amg_example_run_21/sps_furious_inductor_cache_dir'},0.9996836956143379,2866ms,sps_ao_ppb_1_fast_furious_cold,565385ms,0,None,,,602ms,1.6434863733339082img/s,0.0,None,608.4626049995422s,,565385ms,28ms,25ms,sps,30ms,3429ms,/home/cpuhrsch/blogs/tmp/sam2_amg_example_run_21/amg_baseline_annotations,,0,1,59ms,1,608.4626049995422ms,64ms,619.5543768405914,2.7.0.dev20250201+cu124,20ms,,861,1,903450624
0.22.0.dev20250201+cu124,,72ms,{'TORCHINDUCTOR_CACHE_DIR': '/home/cpuhrsch/blogs/tmp/sam2_amg_example_run_21/sps_furious_inductor_cache_dir'},0.9996836956143379,617ms,sps_ao_ppb_1_fast_furious,7989ms,0,None,,,45ms,19.35863964467831img/s,0.0,None,51.656522274017334s,,7989ms,23ms,22ms,sps,32ms,625ms,/home/cpuhrsch/blogs/tmp/sam2_amg_example_run_21/amg_baseline_annotations,,0,1,63ms,1,51.656522274017334ms,68ms,58.16215395927429,2.7.0.dev20250201+cu124,18ms,,861,1,903450624
0.22.0.dev20250201+cu124,,,{'TORCHINDUCTOR_CACHE_DIR': '/home/cpuhrsch/blogs/tmp/sam2_amg_example_run_21/sps_furious_inductor_cache_dir'},,,sps_ao_ppb_1_save_export_furious,,,,,,,0.0img/s,,None,367.0964250564575s,,,,,sps,,,/home/cpuhrsch/blogs/tmp/sam2_amg_example_run_21/amg_baseline_annotations,/home/cpuhrsch/blogs/tmp/sam2_amg_example_run_21/exported_models/sps_ao_fast_furious,0,1,,1,,,379.5168604850769,2.7.0.dev20250201+cu124,,0,861,1,903450624
0.22.0.dev20250201+cu124,/home/cpuhrsch/blogs/tmp/sam2_amg_example_run_21/exported_models/sps_ao_fast_furious,72ms,{'TORCHINDUCTOR_CACHE_DIR': '/home/cpuhrsch/blogs/tmp/sam2_amg_example_run_21/sps_load_export_furious_inductor_cache_dir'},0.999670289516449,50ms,sps_ao_ppb_1_load_export_furious_cold,763ms,0,,,,42ms,20.10115843340511img/s,0.0,None,49.7483766078949s,,763ms,24ms,45ms,sps,35ms,78ms,/home/cpuhrsch/blogs/tmp/sam2_amg_example_run_21/amg_baseline_annotations,,1,1,66ms,1,49.7483766078949ms,68ms,54.233083724975586,2.7.0.dev20250201+cu124,57ms,,1686,1,1768025088
0.22.0.dev20250201+cu124,/home/cpuhrsch/blogs/tmp/sam2_amg_example_run_21/exported_models/sps_ao_fast_furious,69ms,{'TORCHINDUCTOR_CACHE_DIR': '/home/cpuhrsch/blogs/tmp/sam2_amg_example_run_21/sps_load_export_furious_inductor_cache_dir'},0.999670289516449,61ms,sps_ao_ppb_1_load_export_furious,683ms,0,,,,38ms,22.96430070006913img/s,0.0,None,43.54585027694702s,,683ms,51ms,54ms,sps,31ms,80ms,/home/cpuhrsch/blogs/tmp/sam2_amg_example_run_21/amg_baseline_annotations,,1,1,63ms,1,43.54585027694702ms,66ms,47.646597385406494,2.7.0.dev20250201+cu124,57ms,,1686,1,1768025088
0.22.0.dev20250201+cu124,/home/cpuhrsch/blogs/tmp/sam2_amg_example_run_21/exported_models/sps_ao_fast_furious,28ms,{'TORCHINDUCTOR_CACHE_DIR': '/home/cpuhrsch/blogs/tmp/sam2_amg_example_run_21/sps_load_export_furious_inductor_cache_dir'},0.9996740021705628,20ms,sps_ao_ppb_1_load_export_furious_gpu_preproc,658ms,0,,None,,21ms,39.00878151072386img/s,0.0,None,25.635253429412842s,,658ms,19ms,21ms,sps,19ms,31ms,/home/cpuhrsch/blogs/tmp/sam2_amg_example_run_21/amg_baseline_annotations,,1,1,25ms,1,25.635253429412842ms,26ms,30.03287935256958,2.7.0.dev20250201+cu124,17ms,,1711,1,1794153472
0.22.0.dev20250201+cu124,/home/cpuhrsch/blogs/tmp/sam2_amg_example_run_21/exported_models/sps_ao_fast_furious,77ms,{'TORCHINDUCTOR_CACHE_DIR': '/home/cpuhrsch/blogs/tmp/sam2_amg_example_run_21/sps_fast_export_furious_inductor_cache_dir'},0.999670289516449,23ms,sps_ao_ppb_1_fast_export_furious_cold,667ms,0,None,,,40ms,21.668760920646257img/s,0.0,None,46.14938545227051s,,667ms,21ms,23ms,sps,33ms,121ms,/home/cpuhrsch/blogs/tmp/sam2_amg_example_run_21/amg_baseline_annotations,,1,1,67ms,1,46.14938545227051ms,69ms,51.00432109832764,2.7.0.dev20250201+cu124,18ms,,1686,1,1768025088
0.22.0.dev20250201+cu124,/home/cpuhrsch/blogs/tmp/sam2_amg_example_run_21/exported_models/sps_ao_fast_furious,71ms,{'TORCHINDUCTOR_CACHE_DIR': '/home/cpuhrsch/blogs/tmp/sam2_amg_example_run_21/sps_fast_export_furious_inductor_cache_dir'},0.999670289516449,24ms,sps_ao_ppb_1_fast_export_furious,770ms,0,None,,,35ms,24.842548071007272img/s,0.0,None,40.253519773483276s,,770ms,23ms,23ms,sps,30ms,87ms,/home/cpuhrsch/blogs/tmp/sam2_amg_example_run_21/amg_baseline_annotations,,1,1,60ms,1,40.253519773483276ms,66ms,45.05125379562378,2.7.0.dev20250201+cu124,19ms,,1686,1,1768025088
0.22.0.dev20250201+cu124,/home/cpuhrsch/blogs/tmp/sam2_amg_example_run_21/exported_models/sps_ao_fast_furious,72ms,{'TORCHINDUCTOR_CACHE_DIR': '/home/cpuhrsch/blogs/tmp/sam2_amg_example_run_21/sps_fast_export_furious_inductor_cache_dir'},0.22583148045595317,25ms,sps_ao_ppb_1_fast_export_furious_recompiles,8888ms,0,None,,None,45ms,19.64123137979746img/s,0.0,None,50.913304805755615s,,8888ms,24ms,23ms,sps,31ms,107ms,/home/cpuhrsch/blogs/tmp/sam2_amg_example_run_21/amg_baseline_annotations,,1,1,62ms,1,50.913304805755615ms,67ms,57.28812289237976,2.7.0.dev20250201+cu124,19ms,,1686,1,1768025088
0.22.0.dev20250201+cu124,/home/cpuhrsch/blogs/tmp/sam2_amg_example_run_21/exported_models/sps_ao_fast_furious,30ms,{'TORCHINDUCTOR_CACHE_DIR': '/home/cpuhrsch/blogs/tmp/sam2_amg_example_run_21/sps_fast_export_furious_inductor_cache_dir'},0.9996740021705628,21ms,sps_ao_ppb_1_fast_export_furious_gpu_preproc,764ms,0,None,None,,22ms,36.6053844956782img/s,0.0,None,27.318385362625122s,,764ms,19ms,20ms,sps,20ms,32ms,/home/cpuhrsch/blogs/tmp/sam2_amg_example_run_21/amg_baseline_annotations,,1,1,27ms,1,27.318385362625122ms,28ms,32.168028831481934,2.7.0.dev20250201+cu124,17ms,,1711,1,1794153472
0.22.0.dev20250201+cu124,/home/cpuhrsch/blogs/tmp/sam2_amg_example_run_21/exported_models/sps_ao_fast_furious,28ms,{'TORCHINDUCTOR_CACHE_DIR': '/home/cpuhrsch/blogs/tmp/sam2_amg_example_run_21/sps_fast_export_furious_inductor_cache_dir'},0.2360341116612085,21ms,sps_ao_ppb_1_fast_export_furious_gpu_preproc_recompiles,2423ms,0,None,None,None,22ms,36.49431885806781img/s,0.0,None,27.401525259017944s,,2423ms,19ms,21ms,sps,19ms,32ms,/home/cpuhrsch/blogs/tmp/sam2_amg_example_run_21/amg_baseline_annotations,,1,1,25ms,1,27.401525259017944ms,26ms,32.687700271606445,2.7.0.dev20250201+cu124,17ms,,1711,1,1794153472
0.22.0.dev20250201+cu124,,1271ms,None,,883ms,baseline_mps,2023ms,525,,,,363ms,2.673329025663599img/s,,,374.06544065475464s,None,783ms,1250ms,552ms,mps,276ms,1639ms,/home/cpuhrsch/blogs/tmp/sam2_amg_example_run_21/amg_baseline_annotations,,1,1,681ms,,374.06544065475464ms,914ms,378.37125968933105,2.7.0.dev20250201+cu124,264ms,,1337,,1402492416
0.22.0.dev20250201+cu124,,236ms,None,0.999999164044857,122ms,mps_ao,577ms,0,,,,135ms,7.037101001300518img/s,0.0,,142.10397148132324s,,577ms,118ms,139ms,mps,121ms,343ms,/home/cpuhrsch/blogs/tmp/sam2_amg_example_run_21/amg_baseline_annotations,,8,1,189ms,,142.10397148132324ms,222ms,146.95012307167053,2.7.0.dev20250201+cu124,150ms,,8021,,8411175424
0.22.0.dev20250201+cu124,,247ms,None,0.999999164044857,119ms,mps_ao_ppb_None_basic,504ms,0,,,,148ms,6.436594044650894img/s,0.0,,155.36167001724243s,,504ms,116ms,238ms,mps,126ms,435ms,/home/cpuhrsch/blogs/tmp/sam2_amg_example_run_21/amg_baseline_annotations,,8,1,225ms,,155.36167001724243ms,233ms,159.40889310836792,2.7.0.dev20250201+cu124,103ms,,8021,1,8411175424
0.22.0.dev20250201+cu124,,235ms,{'TORCHINDUCTOR_CACHE_DIR': '/home/cpuhrsch/blogs/tmp/sam2_amg_example_run_21/mps_inductor_cache_dir'},,1555ms,mps_ao_ppb_None_fast_cold,333308ms,0,None,,,591ms,1.6704230439798613img/s,,,598.6507451534271s,,333308ms,126ms,116ms,mps,129ms,62595ms,/home/cpuhrsch/blogs/tmp/sam2_amg_example_run_21/amg_baseline_annotations,,8,1,215ms,,598.6507451534271ms,221ms,608.3473885059357,2.7.0.dev20250201+cu124,97ms,,8021,1,8411176448
0.22.0.dev20250201+cu124,,239ms,{'TORCHINDUCTOR_CACHE_DIR': '/home/cpuhrsch/blogs/tmp/sam2_amg_example_run_21/mps_inductor_cache_dir'},0.9983837329149247,427ms,mps_ao_ppb_None_fast,8617ms,0,None,,,144ms,6.6146677704234085img/s,0.0,,151.17917251586914s,,8617ms,107ms,230ms,mps,113ms,1446ms,/home/cpuhrsch/blogs/tmp/sam2_amg_example_run_21/amg_baseline_annotations,,8,1,213ms,,151.17917251586914ms,218ms,156.3648726940155,2.7.0.dev20250201+cu124,94ms,,8021,1,8411176448
0.22.0.dev20250201+cu124,,,{'TORCHINDUCTOR_CACHE_DIR': '/home/cpuhrsch/blogs/tmp/sam2_amg_example_run_21/mps_inductor_cache_dir'},,,mps_ao_ppb_None_save_export,,,,,,,0.0img/s,,,206.32550930976868s,,,,,mps,,,/home/cpuhrsch/blogs/tmp/sam2_amg_example_run_21/amg_baseline_annotations,/home/cpuhrsch/blogs/tmp/sam2_amg_example_run_21/exported_models/mps_ao_fast,1,1,,,,,214.1670503616333,2.7.0.dev20250201+cu124,,0,1326,1,1390578176
0.22.0.dev20250201+cu124,/home/cpuhrsch/blogs/tmp/sam2_amg_example_run_21/exported_models/mps_ao_fast,229ms,{'TORCHINDUCTOR_CACHE_DIR': '/home/cpuhrsch/blogs/tmp/sam2_amg_example_run_21/mps_load_export_inductor_cache_dir'},0.9983834671974182,219ms,mps_ao_ppb_None_load_export_cold,481ms,0,,,,126ms,7.508148238612264img/s,0.0,,133.1886329650879s,,481ms,133ms,138ms,mps,112ms,267ms,/home/cpuhrsch/blogs/tmp/sam2_amg_example_run_21/amg_baseline_annotations,,7,1,175ms,,133.1886329650879ms,214ms,137.3904402256012,2.7.0.dev20250201+cu124,102ms,,7206,1,7556661248
0.22.0.dev20250201+cu124,/home/cpuhrsch/blogs/tmp/sam2_amg_example_run_21/exported_models/mps_ao_fast,239ms,{'TORCHINDUCTOR_CACHE_DIR': '/home/cpuhrsch/blogs/tmp/sam2_amg_example_run_21/mps_load_export_inductor_cache_dir'},0.9983834671974182,113ms,mps_ao_ppb_None_load_export,467ms,0,,,,123ms,7.699697903486223img/s,0.0,,129.87522530555725s,,467ms,109ms,159ms,mps,110ms,281ms,/home/cpuhrsch/blogs/tmp/sam2_amg_example_run_21/amg_baseline_annotations,,7,1,169ms,,129.87522530555725ms,210ms,133.87165689468384,2.7.0.dev20250201+cu124,103ms,,7206,1,7556661248
0.22.0.dev20250201+cu124,/home/cpuhrsch/blogs/tmp/sam2_amg_example_run_21/exported_models/mps_ao_fast,217ms,{'TORCHINDUCTOR_CACHE_DIR': '/home/cpuhrsch/blogs/tmp/sam2_amg_example_run_21/mps_load_export_inductor_cache_dir'},0.9984678574204445,150ms,mps_ao_ppb_None_load_export_gpu_preproc,596ms,0,,None,,138ms,6.876547118132811img/s,0.0,,145.42182040214539s,,596ms,174ms,146ms,mps,130ms,247ms,/home/cpuhrsch/blogs/tmp/sam2_amg_example_run_21/amg_baseline_annotations,,7,1,182ms,,145.42182040214539ms,194ms,149.7709481716156,2.7.0.dev20250201+cu124,96ms,,7230,1,7581827072
0.22.0.dev20250201+cu124,/home/cpuhrsch/blogs/tmp/sam2_amg_example_run_21/exported_models/mps_ao_fast,223ms,{'TORCHINDUCTOR_CACHE_DIR': '/home/cpuhrsch/blogs/tmp/sam2_amg_example_run_21/mps_fast_export_inductor_cache_dir'},0.998383906185627,109ms,mps_ao_ppb_None_fast_export_cold,63209ms,0,None,,,279ms,3.46900314658375img/s,0.0,,288.2672507762909s,,63209ms,108ms,139ms,mps,108ms,55253ms,/home/cpuhrsch/blogs/tmp/sam2_amg_example_run_21/amg_baseline_annotations,,7,1,149ms,,288.2672507762909ms,192ms,295.21097111701965,2.7.0.dev20250201+cu124,210ms,,7206,1,7556661248
0.22.0.dev20250201+cu124,/home/cpuhrsch/blogs/tmp/sam2_amg_example_run_21/exported_models/mps_ao_fast,225ms,{'TORCHINDUCTOR_CACHE_DIR': '/home/cpuhrsch/blogs/tmp/sam2_amg_example_run_21/mps_fast_export_inductor_cache_dir'},0.998383847117424,219ms,mps_ao_ppb_None_fast_export,3408ms,0,None,,,127ms,7.378673337507828img/s,0.0,,135.52571773529053s,,3408ms,131ms,133ms,mps,110ms,1527ms,/home/cpuhrsch/blogs/tmp/sam2_amg_example_run_21/amg_baseline_annotations,,7,1,162ms,,135.52571773529053ms,210ms,140.8395688533783,2.7.0.dev20250201+cu124,211ms,,7206,1,7556661248
0.22.0.dev20250201+cu124,/home/cpuhrsch/blogs/tmp/sam2_amg_example_run_21/exported_models/mps_ao_fast,197ms,{'TORCHINDUCTOR_CACHE_DIR': '/home/cpuhrsch/blogs/tmp/sam2_amg_example_run_21/mps_fast_export_inductor_cache_dir'},0.998423279285431,176ms,mps_ao_ppb_None_fast_export_gpu_preproc,4037ms,0,None,None,,139ms,6.776701628632778img/s,0.0,,147.5644133090973s,,4037ms,111ms,142ms,mps,125ms,1977ms,/home/cpuhrsch/blogs/tmp/sam2_amg_example_run_21/amg_baseline_annotations,,7,1,177ms,,147.5644133090973ms,182ms,154.06113982200623,2.7.0.dev20250201+cu124,108ms,,7230,1,7581827072
0.22.0.dev20250201+cu124,,90ms,{'TORCHINDUCTOR_CACHE_DIR': '/home/cpuhrsch/blogs/tmp/sam2_amg_example_run_21/mps_furious_inductor_cache_dir'},0.9973100498914719,1126ms,mps_ao_ppb_None_fast_furious_cold,593416ms,0,None,,,732ms,1.3513049945474962img/s,0.0,None,740.0253858566284s,,593416ms,69ms,62ms,mps,45ms,58562ms,/home/cpuhrsch/blogs/tmp/sam2_amg_example_run_21/amg_baseline_annotations,,4,1,71ms,,740.0253858566284ms,75ms,752.7034668922424,2.7.0.dev20250201+cu124,55ms,,4222,1,4427842560
0.22.0.dev20250201+cu124,,80ms,{'TORCHINDUCTOR_CACHE_DIR': '/home/cpuhrsch/blogs/tmp/sam2_amg_example_run_21/mps_furious_inductor_cache_dir'},0.9973101171851159,563ms,mps_ao_ppb_None_fast_furious,9626ms,0,None,,,51ms,15.845165465673302img/s,0.0,None,63.110732555389404s,,9626ms,70ms,68ms,mps,36ms,1443ms,/home/cpuhrsch/blogs/tmp/sam2_amg_example_run_21/amg_baseline_annotations,,4,1,64ms,,63.110732555389404ms,70ms,68.8342227935791,2.7.0.dev20250201+cu124,60ms,,4222,1,4427842560
0.22.0.dev20250201+cu124,,,{'TORCHINDUCTOR_CACHE_DIR': '/home/cpuhrsch/blogs/tmp/sam2_amg_example_run_21/mps_furious_inductor_cache_dir'},,,mps_ao_ppb_None_save_export_furious,,,,,,,0.0img/s,,None,310.3892893791199s,,,,,mps,,,/home/cpuhrsch/blogs/tmp/sam2_amg_example_run_21/amg_baseline_annotations,/home/cpuhrsch/blogs/tmp/sam2_amg_example_run_21/exported_models/mps_ao_fast_furious,0,1,,,,,319.1325914859772,2.7.0.dev20250201+cu124,,0,861,1,903450624
0.22.0.dev20250201+cu124,/home/cpuhrsch/blogs/tmp/sam2_amg_example_run_21/exported_models/mps_ao_fast_furious,88ms,{'TORCHINDUCTOR_CACHE_DIR': '/home/cpuhrsch/blogs/tmp/sam2_amg_example_run_21/mps_load_export_furious_inductor_cache_dir'},0.9971953355669976,59ms,mps_ao_ppb_None_load_export_furious_cold,747ms,0,,,,48ms,18.330754801750256img/s,0.0,None,54.55312728881836s,,747ms,39ms,70ms,mps,43ms,211ms,/home/cpuhrsch/blogs/tmp/sam2_amg_example_run_21/amg_baseline_annotations,,3,1,72ms,,54.55312728881836ms,80ms,58.5643265247345,2.7.0.dev20250201+cu124,68ms,,3813,1,3998387200
0.22.0.dev20250201+cu124,/home/cpuhrsch/blogs/tmp/sam2_amg_example_run_21/exported_models/mps_ao_fast_furious,94ms,{'TORCHINDUCTOR_CACHE_DIR': '/home/cpuhrsch/blogs/tmp/sam2_amg_example_run_21/mps_load_export_furious_inductor_cache_dir'},0.9971953355669976,64ms,mps_ao_ppb_None_load_export_furious,807ms,0,,,,57ms,15.401551852759791img/s,0.0,None,64.92852210998535s,,807ms,54ms,44ms,mps,53ms,310ms,/home/cpuhrsch/blogs/tmp/sam2_amg_example_run_21/amg_baseline_annotations,,3,1,81ms,,64.92852210998535ms,85ms,69.41558504104614,2.7.0.dev20250201+cu124,70ms,,3813,1,3998387200
0.22.0.dev20250201+cu124,/home/cpuhrsch/blogs/tmp/sam2_amg_example_run_21/exported_models/mps_ao_fast_furious,53ms,{'TORCHINDUCTOR_CACHE_DIR': '/home/cpuhrsch/blogs/tmp/sam2_amg_example_run_21/mps_load_export_furious_inductor_cache_dir'},0.9970021231770515,38ms,mps_ao_ppb_None_load_export_furious_gpu_preproc,671ms,0,,None,,34ms,24.16679656674749img/s,0.0,None,41.379087924957275s,,671ms,37ms,37ms,mps,31ms,185ms,/home/cpuhrsch/blogs/tmp/sam2_amg_example_run_21/amg_baseline_annotations,,3,1,41ms,,41.379087924957275ms,43ms,45.440187215805054,2.7.0.dev20250201+cu124,31ms,,3837,1,4023553024
0.22.0.dev20250201+cu124,/home/cpuhrsch/blogs/tmp/sam2_amg_example_run_21/exported_models/mps_ao_fast_furious,78ms,{'TORCHINDUCTOR_CACHE_DIR': '/home/cpuhrsch/blogs/tmp/sam2_amg_example_run_21/mps_fast_export_furious_inductor_cache_dir'},0.9965503122806549,66ms,mps_ao_ppb_None_fast_export_furious_cold,82119ms,0,None,,,201ms,4.7872645002077805img/s,0.0,None,208.88755989074707s,,82119ms,64ms,68ms,mps,34ms,58377ms,/home/cpuhrsch/blogs/tmp/sam2_amg_example_run_21/amg_baseline_annotations,,3,1,65ms,,208.88755989074707ms,70ms,217.18880224227905,2.7.0.dev20250201+cu124,58ms,,3813,1,3998387200
0.22.0.dev20250201+cu124,/home/cpuhrsch/blogs/tmp/sam2_amg_example_run_21/exported_models/mps_ao_fast_furious,77ms,{'TORCHINDUCTOR_CACHE_DIR': '/home/cpuhrsch/blogs/tmp/sam2_amg_example_run_21/mps_fast_export_furious_inductor_cache_dir'},0.9965502863526344,58ms,mps_ao_ppb_None_fast_export_furious,3781ms,0,None,,,41ms,20.721952369178233img/s,0.0,None,48.25800108909607s,,3781ms,36ms,70ms,mps,31ms,1725ms,/home/cpuhrsch/blogs/tmp/sam2_amg_example_run_21/amg_baseline_annotations,,3,1,60ms,,48.25800108909607ms,67ms,54.08296799659729,2.7.0.dev20250201+cu124,27ms,,3813,1,3998387200
0.22.0.dev20250201+cu124,/home/cpuhrsch/blogs/tmp/sam2_amg_example_run_21/exported_models/mps_ao_fast_furious,79ms,{'TORCHINDUCTOR_CACHE_DIR': '/home/cpuhrsch/blogs/tmp/sam2_amg_example_run_21/mps_fast_export_furious_inductor_cache_dir'},0.9955503289103508,58ms,mps_ao_ppb_None_fast_export_furious_recompiles,14159ms,0,None,,None,60ms,14.717359525686513img/s,0.0,None,67.94697093963623s,,14159ms,30ms,33ms,mps,34ms,7675ms,/home/cpuhrsch/blogs/tmp/sam2_amg_example_run_21/amg_baseline_annotations,,3,1,63ms,,67.94697093963623ms,69ms,74.24112939834595,2.7.0.dev20250201+cu124,24ms,,3813,1,3998387200
0.22.0.dev20250201+cu124,/home/cpuhrsch/blogs/tmp/sam2_amg_example_run_21/exported_models/mps_ao_fast_furious,45ms,{'TORCHINDUCTOR_CACHE_DIR': '/home/cpuhrsch/blogs/tmp/sam2_amg_example_run_21/mps_fast_export_furious_inductor_cache_dir'},0.9961833162903786,26ms,mps_ao_ppb_None_fast_export_furious_gpu_preproc,4055ms,0,None,None,,30ms,27.10634670561908img/s,0.0,None,36.89172911643982s,,4055ms,26ms,29ms,mps,22ms,1531ms,/home/cpuhrsch/blogs/tmp/sam2_amg_example_run_21/amg_baseline_annotations,,3,1,32ms,,36.89172911643982ms,36ms,41.898804664611816,2.7.0.dev20250201+cu124,19ms,,3837,1,4023553024
0.22.0.dev20250201+cu124,/home/cpuhrsch/blogs/tmp/sam2_amg_example_run_21/exported_models/mps_ao_fast_furious,43ms,{'TORCHINDUCTOR_CACHE_DIR': '/home/cpuhrsch/blogs/tmp/sam2_amg_example_run_21/mps_fast_export_furious_inductor_cache_dir'},0.9956747673153877,25ms,mps_ao_ppb_None_fast_export_furious_gpu_preproc_recompiles,5487ms,0,None,None,None,32ms,25.886837983308926img/s,0.0,None,38.62966966629028s,,5487ms,26ms,29ms,mps,23ms,1561ms,/home/cpuhrsch/blogs/tmp/sam2_amg_example_run_21/amg_baseline_annotations,,3,1,32ms,,38.62966966629028ms,36ms,44.1503472328186,2.7.0.dev20250201+cu124,19ms,,3837,1,4023553024
